Name,a,e,i,predicted_class,mean_prob,std_prob,entropy
,207.8421446,0.7884931,10.63523,0,0.50000024,0.00019867791,0.00057257374
,227.3067221,0.8061542,22.72327,0,0.5000002,1.291387e-05,4.9172115e-05
,137.3464385,0.7230343,40.89155,0,0.5000002,0.043983296,0.13158794
,196.4449065,0.7981814,16.79727,0,0.5000002,0.00014181848,0.00074600306
,189.5193509,0.8198555,13.11063,0,0.5000002,0.00061750354,0.0015673499
,110.2776382,0.6639487,26.37454,0,0.5000002,0.21036583,0.5957366
,120.1141927,0.6944233,19.32207,0,0.5000002,0.11725266,0.40889215
,176.878489,0.8161876,23.63254,0,0.5000002,0.00096936966,0.003966478
,120.8434946,0.6948525,21.76502,0,0.5000002,0.13271329,0.38984236
,182.5687756,0.952104,125.31171,0,0.5000001,0.019172594,0.04190878
,122.683712,0.6927472,15.52273,0,0.5000001,0.14025778,0.36510146
,199.4484454,0.8232598,11.96916,0,0.5000001,0.00017010682,0.0007172615
,199.9308854,0.8955836,6.63698,0,0.5000001,0.0004495491,0.0014277828
,122.1791654,0.6720296,31.65818,0,0.5000001,0.1322811,0.35521144
,114.6563228,0.8060323,12.33214,0,0.5000001,0.21959911,0.6032718
,247.5113904,0.8855706,17.15259,0,0.5000001,1.717304e-06,8.199035e-06
,186.5313163,0.9209437,53.41848,0,0.5000001,0.0006241476,0.0016208477
,123.8751169,0.6930957,8.88537,0,0.5000001,0.13464707,0.36273077
,205.2310315,0.8317014,12.77665,0,0.5000001,7.485828e-05,0.00032083064
,137.1127584,0.7307381,8.2696,0,0.5000001,0.06168492,0.17364874
,190.9803509,0.782845,37.02085,0,0.5000001,0.00074162945,0.0020799858
,106.136129,0.7174762,21.11358,0,0.5000001,0.2369822,0.66255426
,248.9592785,0.8589583,13.21195,0,0.5000001,1.1187994e-06,7.1317904e-06
,208.6121884,0.8959059,5.42683,0,0.5000001,0.00071378035,0.0014262311
,114.0872307,0.653163,3.69357,0,0.5000001,0.19877094,0.59268755
,132.6420859,0.704982,28.18298,0,0.5000001,0.07206861,0.19133836
,124.6779236,0.6974397,25.88077,0,0.50000006,0.11955531,0.30899215
,109.5662021,0.6770065,15.42819,0,0.50000006,0.18444039,0.5989333
,171.5871905,0.8065541,23.37871,0,0.50000006,0.0015939467,0.0070087607
,107.7598825,0.6540534,30.5378,0,0.50000006,0.17504679,0.6071009
,261.0344654,0.9559999,175.97659,0,0.50000006,7.612113e-05,0.00031515516
,179.4782157,0.8035331,16.95583,0,0.50000006,0.0024198915,0.0062027415
,202.2797227,0.8882141,42.09742,0,0.50000006,0.00076335785,0.0012760159
,104.6249288,0.6538166,26.76292,0,0.50000006,0.20199485,0.6660367
,220.1434972,0.8819367,26.11968,0,0.50000006,1.6204891e-05,6.536234e-05
,201.6139077,0.8248347,14.19782,0,0.50000006,0.00016201551,0.00052268116
,177.5644185,0.9697215,99.55545,0,0.50000006,0.026090015,0.04462429
,171.9243865,0.7822323,34.99874,0,0.50000006,0.0015067463,0.0058814636
,180.7645866,0.805997,26.06461,0,0.50000006,0.005317012,0.0062000183
,133.0109956,0.7461732,28.51895,0,0.50000006,0.087983936,0.22742988
,123.1676926,0.6811193,28.48808,0,0.50000006,0.106943816,0.30495328
,146.4192536,0.6896984,48.27069,0,0.50000006,0.015488237,0.04685701
,142.5174143,0.6725917,44.02579,0,0.50000006,0.04588672,0.11055664
,109.970916,0.6481962,26.7787,0,0.50000006,0.17573982,0.5759593
,109.7608336,0.7002659,16.7112,0,0.50000006,0.20505774,0.62165624
,135.4034498,0.6975969,35.8189,0,0.50000006,0.04968292,0.16967866
,109.999845,0.6445028,40.24271,0,0.50000006,0.21542048,0.56894714
,109.9115692,0.6366508,4.84197,0,0.50000006,0.21210557,0.6339735
,149.5396309,0.7771071,12.97822,0,0.50000006,0.029429222,0.07216204
,233.2263743,0.865384,6.03144,0,0.50000006,1.2996588e-05,4.932855e-05
,141.8953068,0.9641162,57.93511,0,0.50000006,0.029810693,0.08872963
,141.5475767,0.7273235,22.02731,0,0.50000006,0.043056086,0.11958889
,114.215739,0.8110638,0.96546,0,0.50000006,0.20704848,0.63850564
,134.2948467,0.8498108,31.49174,0,0.50000006,0.048123986,0.16128825
,194.9889101,0.8860319,14.44788,0,0.50000006,0.0002846762,0.0010821322
,125.9406008,0.8077562,4.40478,0,0.50000006,0.13140066,0.39436308
,257.9472154,0.8481887,21.51861,0,0.50000006,4.1979223e-07,2.3807036e-06
,213.5467607,0.8314537,14.91069,0,0.50000006,3.7316615e-05,0.00019000607
,279.3220312,0.9933583,152.01696,0,0.50000006,1.7565042e-05,4.200868e-05
,201.8014629,0.6281152,163.33238,0,0.50000006,0.0328357,0.028503817
,119.7650222,0.7054716,14.91796,0,0.50000006,0.16870555,0.46032822
,110.0494682,0.4520951,18.71545,0,0.50000006,0.20714301,0.59421283
,144.6631161,0.6738068,32.63933,0,0.50000006,0.023567911,0.0568843
,245.4634821,0.7316711,11.00882,0,0.50000006,1.4808679e-06,8.45815e-06
,248.3968736,0.8352853,15.68166,0,0.50000006,2.7712451e-06,1.1828515e-05
,251.6113596,0.9876947,143.49436,0,0.50000006,2.7725284e-05,0.00010672441
Alicanto,349.5648898,0.8645243,25.49375,0,0.5,6.558099e-12,1.1074848e-10
Leleakuhonua,1482.891634,0.9563363,11.67677,0,0.5,0.0,-0.0
Sedna,551.9180231,0.861824,11.92676,0,0.5,6.2946525e-20,8.6554034e-19
,211.745316,0.838519,30.8146,0,0.5,2.2766231e-05,0.00012243053
,636.8525121,0.967264,20.05795,0,0.5,5.293956000000001e-23,3.5161573000000005e-22
,102.5781973,0.6972678,25.50587,0,0.5,0.21969575,0.67959553
,881.1288726,0.972497,19.44647,0,0.5,0.0,6.3106490000000005e-31
,302.7234165,0.9687393,140.80774,0,0.5,6.1378095e-08,3.2023638e-07
,379.4740717,0.9709039,67.93798,0,0.5,2.4248527e-11,1.336833e-10
,160.3369911,0.7857164,4.50749,0,0.5,0.006692984,0.029832458
,147.8763148,0.722525,33.58979,0,0.5,0.034190677,0.067964315
,156.896377,0.7574014,15.51677,0,0.5,0.016507782,0.037854124
,576.3681383,0.9382255,18.56932,0,0.5,5.600986e-18,2.870025e-17
,264.2656942,0.9365729,84.80009,0,0.5,1.449426e-06,3.5271576e-06
,103.078411,0.6262213,26.05137,0,0.5,0.22865057,0.691058
,104.8295898,0.6266198,25.45023,0,0.5,0.22216135,0.6514081
,155.7802417,0.7618675,14.11058,0,0.5,0.014905393,0.037978817
,178.2701324,0.8901989,26.22446,0,0.5,0.0005931329,0.0032038698
,100.6608154,0.6278894,27.05668,0,0.5,0.20911627,0.6900728
,925.8550909,0.9843313,78.01298,0,0.5,0.0,5.5083396999999996e-33
,113.1892296,0.6860346,18.16906,0,0.5,0.17096363,0.54524505
,359.9593698,0.9107104,15.81892,0,0.5,1.0656422e-11,1.4152325e-10
,1255.873676,0.9932958,98.56092,0,0.5,0.0,-0.0
,103.7524641,0.6647619,12.72472,0,0.5,0.22239013,0.6897799
,502.0988064,0.9082523,12.39083,0,0.5,3.4945877000000004e-16,2.7099436e-15
,332.6299937,0.8852223,6.49973,0,0.5,2.1020247e-08,4.5420762e-08
,460.6850105,0.967108,147.34483,0,0.5,3.4603192e-17,5.4969744e-16
,493.4183991,0.9283671,54.09199,0,0.5,1.6472611e-15,7.715923e-15
,178.7660331,0.7763011,21.37882,0,0.5,0.0009062785,0.003210287
,429.8306087,0.9616544,169.2613,0,0.5,3.8585905e-14,2.588045e-13
,274.7733152,0.9906692,29.74705,0,0.5,1.011187e-07,4.5324543e-07
,707.3490953,0.9961956,58.11483,0,0.5,0.0,3.235713e-23
,156.4960029,0.7503496,20.45137,0,0.5,0.03470874,0.043328945
,928.3763121,0.9955405,112.70883,0,0.5,0.0,3.3352827e-34
,414.1267199,0.9936477,76.87702,0,0.5,6.270435e-13,3.1541271e-12
,133.1238166,0.7019793,26.43984,0,0.5,0.05181639,0.16475944
,446.3082936,0.9862395,143.89804,0,0.5,6.875098e-15,3.3649936e-14
,352.5398554,0.8626903,21.54844,0,0.5,4.963961e-11,6.388737e-10
,277.1171736,0.9888216,110.0788,0,0.5,3.5527466e-07,7.5056545e-07
,102.3496609,0.6415139,19.45432,0,0.5,0.2323803,0.69000465
,172.40963,0.8947367,10.75708,0,0.5,0.0018389232,0.008665209
,271.4867256,0.7030436,23.99696,0,0.5,8.2213603e-07,1.7141953e-06
,406.2800248,0.98061,16.54021,0,0.5,4.2575462e-13,3.8169186e-12
,283.1251426,0.846301,17.41277,0,0.5,1.2518973e-07,3.925351e-07
,538.9655287,0.956351,32.10285,0,0.5,2.6073987e-19,2.2893834e-18
,388.6914794,0.9069805,29.48385,0,0.5,1.0346918e-12,9.0547205e-12
,104.0219031,0.6569253,26.02878,0,0.5,0.20789969,0.6612344
,848.0805821,0.9410872,4.21994,0,0.5,0.0,3.4232095e-28
,103.2919492,0.6684858,13.88353,0,0.5,0.21594566,0.69288695
,2258.183681,0.9840733,20.62487,0,0.5,0.0,-0.0
,372.3444599,0.9407975,26.36824,0,0.5,2.8833989e-11,1.5039796e-10
,311.8442336,0.8480074,17.95145,0,0.5,4.7581045e-10,5.548704e-09
,100.7107367,0.6325909,28.74404,0,0.5,0.23835471,0.6873299
,107.0109897,0.5311209,43.13497,0,0.5,0.1984233,0.6347407
,114.6967652,0.6798432,29.60279,0,0.5,0.18236725,0.54390335
,387.9703204,0.9081519,42.94217,0,0.5,4.561068e-13,4.9056046e-12
,369.2325619,0.9052256,23.51367,0,0.5,1.4438281e-10,7.387031e-10
,292.1693423,0.8535652,24.1494,0,0.5,2.920109e-08,1.14701464e-07
,460.7532431,0.9592801,47.19209,0,0.5,1.894246e-15,9.497671e-15
,314.5110004,0.892096,12.91557,0,0.5,3.863377e-08,1.2072539e-07
,404.5012711,0.9306545,6.93998,0,0.5,5.5831832e-12,3.8024237e-11
,273.5119504,0.8558153,6.83866,0,0.5,4.6219096e-08,3.945836e-07
,390.771497,0.9874136,156.10829,0,0.5,1.3685166e-13,1.7769067e-12
,375.613607,0.9298582,38.6291,0,0.5,9.776372e-13,1.0760892e-11
,307.7174432,0.8843136,24.84629,0,0.5,2.6315183e-09,2.1451308e-08
,124.6522532,0.707014,1.65911,0,0.5,0.14699364,0.41265407
,125.0241661,0.6767118,10.34313,0,0.5,0.13649711,0.3876536
,664.7906765,0.9896476,12.41149,0,0.5,1.6948929000000002e-22,9.564703e-22
,2699.020123,0.9922755,15.55961,0,0.5,0.0,-0.0
,4154.378024,0.9942937,15.80348,0,0.5,0.0,-0.0
,499.7094677,0.9290217,1.92977,0,0.5,4.4200055e-15,2.4699676e-14
,122.5468154,0.6571402,1.09252,0,0.5,0.14432612,0.45448074
,113.0362541,0.6371017,0.89267,0,0.5,0.1974782,0.6237904
,113.100643,0.6621231,0.88044,0,0.5,0.21382758,0.6308787
,305.7098177,0.8745915,8.81096,0,0.5,8.830199e-08,2.5828848e-07
,362.4438509,0.9092445,11.91093,0,0.5,3.368453e-11,4.0611095e-10
,623.7021087,0.9350856,14.01409,0,0.5,1.0131392e-21,5.730668e-21
,150.5756989,0.7350714,27.20024,0,0.5,0.022215588,0.060038827
,460.5139806,0.9010632,12.1254,0,0.5,7.472241e-15,6.6415284e-14
,129.70992,0.7414955,19.80999,0,0.5,0.08653667,0.21209787
,562.2109926,0.9722174,45.30716,0,0.5,3.941287e-21,2.9928169999999996e-20
,117.5919699,0.7805898,22.42702,0,0.5,0.17115827,0.4985199
,137.3173746,0.7351545,14.71795,0,0.5,0.055599645,0.12829891
,105.6729706,0.6554613,11.98531,0,0.5,0.21601993,0.66440165
,156.0864905,0.8155703,15.66153,0,0.5,0.007662122,0.03075881
,128.7266641,0.6440601,16.40769,0,0.5,0.09691104,0.25200185
,287.5518046,0.9080569,1.59914,0,0.5,1.5285983e-07,5.559565e-07
,109.6011801,0.7010583,24.45037,0,0.5,0.21435311,0.6274512
,370.2474327,0.8847013,4.80364,0,0.5,4.233431e-10,2.047147e-09
,132.2064121,0.9904292,145.59282,0,0.5,0.35187876,0.6931151
,110.779673,0.7281601,18.98621,0,0.5,0.21846515,0.6269701
,115.7920697,0.6648583,22.95963,0,0.5,0.14871621,0.46784112
,104.7288123,0.5998097,30.98198,0,0.5,0.2332021,0.667042
,1467.773602,0.9969797,55.85741,0,0.5,0.0,-0.0
,871.0094638,0.9480482,16.21145,0,0.5,0.0,5.4839557e-30
,146.2042097,0.7460327,11.92516,0,0.5,0.028920047,0.08302103
,131.7109208,0.9760493,144.24616,0,0.5,0.36858526,0.6931064
,317.0020569,0.9960237,108.29245,0,0.5,1.9218311e-09,1.0984777e-08
,145.7502156,0.9707303,89.1284,0,0.5,0.13804781,0.31907132
,344.1047524,0.9888511,68.22849,0,0.5,5.843239e-11,3.2195652e-10
,161.2160529,0.981445,90.96538,0,0.5,0.052295193,0.11896996
,305.2459807,0.8537423,8.47482,0,0.5,2.3491602e-09,3.2369865e-08
,140.4213474,0.7209543,24.8566,0,0.5,0.0713614,0.14932835
,1103.179864,0.9573576,18.16567,0,0.5,0.0,7.337300000000001e-41
,149.1790263,0.7975081,17.73776,0,0.5,0.019415945,0.06647144
,422.3818193,0.952314,5.92624,0,0.5,1.7668755e-13,9.575494e-13
,193.0696736,0.8413518,7.81935,0,0.5,0.00047986768,0.0021416042
,103.1731728,0.6629885,13.33411,0,0.5,0.21492596,0.6922271
,118.3538186,0.6738924,18.16131,0,0.5,0.15838999,0.48900014
,138.70105,0.6910764,7.82124,0,0.5,0.07216051,0.16032788
,132.8661482,0.7645049,16.95974,0,0.5,0.07873984,0.20846035
,735.5639496,0.9244159,73.50408,0,0.5,0.0,1.6222014e-26
,424.4503213,0.9886076,76.85331,0,0.5,1.6668192e-14,1.7823773e-13
,388.6184406,0.9728266,9.23862,0,0.5,3.9484655e-11,2.3978108e-10
,811.3060406,0.9450503,15.40748,0,0.5,0.0,1.0042937e-26
,168.0923995,0.7654753,8.99892,0,0.5,0.0029206295,0.011528639
,327.7080333,0.9861949,84.78504,0,0.5,5.923518e-11,7.2401496e-10
,1012.322216,0.9450176,7.64824,0,0.5,0.0,7.462505e-37
,135.7547712,0.718514,13.69282,0,0.5,0.049490705,0.15523127
,116.9448726,0.8167188,1.58876,0,0.5,0.21751663,0.6212294
,116.8301573,0.6490974,31.32662,0,0.5,0.14506471,0.44834715
,505.1807427,0.9729506,104.75709,0,0.5,3.995959e-18,4.0249805e-17
,145.1391847,0.7679433,13.04192,0,0.49999997,0.041954905,0.10141508
,105.6622713,0.6739223,3.01397,0,0.49999997,0.20646906,0.6911163
,123.979269,0.6948603,28.83829,0,0.49999997,0.10191164,0.27743328
,132.2927202,0.7031607,31.18889,0,0.49999997,0.08179517,0.21112703
,133.9785476,0.8478055,26.44313,0,0.49999997,0.07739035,0.19499496
,111.91421,0.6586482,32.41038,0,0.49999997,0.21660978,0.5830656
,128.2244888,0.6559163,38.42855,0,0.49999997,0.08774525,0.23903015
,192.1990296,0.8263625,15.31196,0,0.49999997,0.00029736792,0.0013777433
,152.2834158,0.7936775,28.52389,0,0.49999997,0.015020547,0.038398974
,152.0915944,0.7641037,19.4303,0,0.49999997,0.016850973,0.042856745
,179.5187167,0.8507215,15.95682,0,0.49999997,0.0018945208,0.0053206584
,169.9231592,0.7713968,19.74939,0,0.49999997,0.0035114791,0.010669009
,136.3591525,0.8005119,11.00423,0,0.49999997,0.05106838,0.1439978
,123.3010582,0.8256987,28.55943,0,0.49999997,0.110963106,0.35144472
,125.1045854,0.8931388,30.77381,0,0.49999994,0.112813115,0.2784113
,182.3753518,0.839602,6.16773,0,0.49999994,0.0051538143,0.010014276
,120.0335485,0.7197987,18.65739,0,0.49999994,0.14380118,0.4213386
,117.4718463,0.6683551,29.66949,0,0.49999994,0.14892462,0.42946553
,115.5605474,0.6755343,27.76261,0,0.49999994,0.17917606,0.497156
,101.4592212,0.633646,20.16632,0,0.49999994,0.22091693,0.6927829
,103.0743195,0.6331048,29.23782,0,0.49999994,0.22840929,0.67627776
,131.4619685,0.6930709,24.90047,0,0.49999994,0.06547989,0.16338651
,186.3431805,0.8129349,18.24258,0,0.49999994,0.00053414266,0.0023100125
,100.8028223,0.4570271,36.37452,0,0.49999994,0.20282477,0.6809424
,114.5205168,0.636324,1.19364,0,0.49999994,0.20530891,0.6066646
,113.8689648,0.6311682,1.48121,0,0.49999994,0.19829944,0.59903073
,175.5055197,0.8611209,57.95733,0,0.49999994,0.0021791765,0.0064588417
,114.8743735,0.6278343,0.8895,0,0.49999994,0.21755017,0.6293586
,159.0922942,0.7564399,37.35365,0,0.49999994,0.0077396547,0.021006476
,156.3765671,0.8083254,22.16325,0,0.49999994,0.029459517,0.03925452
,119.4649995,0.6465564,38.34495,0,0.49999994,0.14966868,0.3925745
,118.3516828,0.812432,8.56888,0,0.49999994,0.17784941,0.51439154
,170.6331535,0.7478688,6.21346,0,0.49999994,0.013741089,0.019666828
,126.6207485,0.8178077,4.2449,0,0.49999994,0.13045344,0.34498426
,165.8395735,0.8592804,2.51771,0,0.49999994,0.009851437,0.025963731
,111.4864725,0.7072962,16.27848,0,0.49999994,0.20177968,0.6009985
,112.6567151,0.6707721,14.00508,0,0.4999999,0.18515408,0.5593178
,132.8479594,0.729789,13.06938,0,0.4999999,0.09879481,0.24012628
,105.9729101,0.6457618,32.4415,0,0.4999999,0.22257945,0.65014505
,134.1139472,0.7063697,32.01696,0,0.4999999,0.077888355,0.18705969
,108.2962339,0.6875745,26.30215,0,0.4999999,0.20483589,0.6077106
,138.1594529,0.7492622,16.43782,0,0.4999999,0.046526894,0.13466623
,189.5174774,0.8911944,9.25439,0,0.4999999,0.0016614263,0.003084901
,114.3613405,0.6810081,31.12825,0,0.49999988,0.18887332,0.5495154
,131.9032661,0.7210178,34.23746,0,0.49999988,0.0601079,0.15937936
,114.5959372,0.6265329,10.92901,0,0.49999988,0.18895456,0.51819015
,113.2860369,0.8433983,2.18417,0,0.49999988,0.21430549,0.64604926
,171.3790935,0.76516,32.62972,0,0.49999988,0.0020416745,0.006217719
,167.9807111,0.9824178,152.4925,0,0.49999988,0.13432577,0.18857333
,144.6049303,0.7351967,33.37382,0,0.49999988,0.031195927,0.088902704
,122.1407287,0.7654313,5.71872,0,0.49999985,0.14160646,0.41526407
,121.6066049,0.7853519,27.98359,0,0.49999985,0.13218823,0.3891286
,140.6050286,0.7503009,8.58242,0,0.49999985,0.050692983,0.12388906
,135.5009283,0.7292328,20.02079,0,0.49999982,0.08417447,0.16203532
