Name,a,e,i,predicted_class,predicted_prob_mean,predicted_prob_std,predictive_entropy
Leleakuhonua,1482.891634,0.9563363,11.67677,0,1.0,0.0,3.086641e-28
Sedna,551.9180231,0.861824,11.92676,0,1.0,0.0,8.4366575e-10
,636.8525121,0.967264,20.05795,0,1.0,5.9305872e-08,1.2077294e-07
,881.1288726,0.972497,19.44647,0,1.0,0.0,1.3052954e-11
,576.3681383,0.9382255,18.56932,0,1.0,1.1861174e-08,3.602423e-08
,925.8550909,0.9843313,78.01298,0,1.0,0.0,5.861199e-16
,1255.873676,0.9932958,98.56092,0,1.0,0.0,5.6342610000000005e-31
,502.0988064,0.9082523,12.39083,0,1.0,4.2700228e-07,7.4415976e-07
,928.3763121,0.9955405,112.70883,0,1.0,0.0,9.33968e-22
,538.9655287,0.956351,32.10285,0,1.0,0.0,1.259502e-09
,848.0805821,0.9410872,4.21994,0,1.0,0.0,5.100657e-14
,2258.183681,0.9840733,20.62487,0,1.0,0.0,-0.0
,664.7906765,0.9896476,12.41149,0,1.0,0.0,1.42083e-09
,2699.020123,0.9922755,15.55961,0,1.0,0.0,-0.0
,4154.378024,0.9942937,15.80348,0,1.0,0.0,-0.0
,499.7094677,0.9290217,1.92977,0,1.0,0.0,1.1434932e-11
,623.7021087,0.9350856,14.01409,0,1.0,0.0,1.3869698e-10
,460.5139806,0.9010632,12.1254,0,1.0,0.0,6.83392e-09
,562.2109926,0.9722174,45.30716,0,1.0,0.0,1.523438e-09
,1467.773602,0.9969797,55.85741,0,1.0,0.0,1.2890754e-23
,871.0094638,0.9480482,16.21145,0,1.0,0.0,1.702502e-13
,1103.179864,0.9573576,18.16567,0,1.0,0.0,5.2572597e-23
,422.3818193,0.952314,5.92624,0,1.0,3.0215264e-07,6.691519e-07
,735.5639496,0.9244159,73.50408,0,1.0,0.0,3.0869502e-15
,388.6184406,0.9728266,9.23862,0,1.0,1.9579377e-07,6.4633275e-07
,811.3060406,0.9450503,15.40748,0,1.0,0.0,3.3113068e-10
,1012.322216,0.9450176,7.64824,0,1.0,0.0,1.62152e-17
,379.4740717,0.9709039,67.93798,0,0.99999994,3.008116e-07,9.590907e-07
,460.6850105,0.967108,147.34483,0,0.99999994,5.930575e-07,1.0829428e-06
,707.3490953,0.9961956,58.11483,0,0.9999998,1.494508e-06,2.5458262e-06
,446.3082936,0.9862395,143.89804,0,0.9999998,2.0170958e-06,3.5157427e-06
,505.1807427,0.9729506,104.75709,0,0.9999998,1.6965035e-06,2.9679356e-06
,429.8306087,0.9616544,169.2613,0,0.9999997,2.5361269e-06,5.5390565e-06
,414.1267199,0.9936477,76.87702,0,0.9999995,3.8693747e-06,6.4895253e-06
,406.2800248,0.98061,16.54021,0,0.99999946,4.04252e-06,8.406724e-06
Alicanto,349.5648898,0.8645243,25.49375,0,0.9999991,8.198381e-06,1.3803988e-05
,370.2474327,0.8847013,4.80364,0,0.9999988,9.922559e-06,1.8153321e-05
,424.4503213,0.9886076,76.85331,0,0.9999981,1.283451e-05,2.6395714e-05
,332.6299937,0.8852223,6.49973,0,0.99999803,8.750814e-06,2.840076e-05
,390.771497,0.9874136,156.10829,0,0.9999979,1.6782551e-05,2.913314e-05
,460.7532431,0.9592801,47.19209,0,0.99999726,2.687149e-05,3.7380352e-05
,369.2325619,0.9052256,23.51367,0,0.9999971,2.6972406e-05,4.0076444e-05
,388.6914794,0.9069805,29.48385,0,0.999996,3.914508e-05,5.3305266e-05
,362.4438509,0.9092445,11.91093,0,0.9999958,3.0993913e-05,5.621467e-05
,375.613607,0.9298582,38.6291,0,0.9999888,0.000111828114,0.00013985437
,317.0020569,0.9960237,108.29245,0,0.9999884,6.840336e-05,0.00014287398
,344.1047524,0.9888511,68.22849,0,0.99998355,0.000114789465,0.00019815612
,274.7733152,0.9906692,29.74705,0,0.9999825,8.842518e-05,0.00020931344
,302.7234165,0.9687393,140.80774,0,0.99997544,0.00012307512,0.00028586897
,307.7174432,0.8843136,24.84629,0,0.9999686,0.0001676745,0.0003578162
,352.5398554,0.8626903,21.54844,0,0.99996597,0.00033815892,0.00038405615
,493.4183991,0.9283671,54.09199,0,0.99994856,0.000510828,0.00055881584
,387.9703204,0.9081519,42.94217,0,0.99994814,0.000515251,0.0005638531
,305.7098177,0.8745915,8.81096,0,0.999928,0.0007058782,0.00075890194
,292.1693423,0.8535652,24.1494,0,0.9999232,0.0005228293,0.00080482493
,273.5119504,0.8558153,6.83866,0,0.9998994,0.0009532219,0.0010269035
,271.4867256,0.7030436,23.99696,0,0.99989426,0.0006803133,0.0010740369
,245.4634821,0.7316711,11.00882,0,0.99988663,0.0006166915,0.0011442757
,359.9593698,0.9107104,15.81892,0,0.99985385,0.0012503755,0.0014366978
,327.7080333,0.9861949,84.78504,0,0.99984133,0.0014385111,0.001547784
,314.5110004,0.892096,12.91557,0,0.999828,0.0016447852,0.0016626825
,311.8442336,0.8480074,17.95145,0,0.99974364,0.0016832649,0.002375985
,279.3220312,0.9933583,152.01696,0,0.999666,0.0027059193,0.0030074166
,251.6113596,0.9876947,143.49436,0,0.9996156,0.0029683013,0.0034065794
,277.1171736,0.9888216,110.0788,0,0.99955636,0.0042249733,0.003868712
,257.9472154,0.8481887,21.51861,0,0.99952346,0.004403838,0.0041213213
,264.2656942,0.9365729,84.80009,0,0.999429,0.0025507933,0.0048348736
,205.2310315,0.8317014,12.77665,0,0.9994111,0.0023354522,0.004968969
,227.3067221,0.8061542,22.72327,0,0.99884367,0.0072356216,0.008974757
,248.3968736,0.8352853,15.68166,0,0.9988283,0.010107762,0.009079554
,247.5113904,0.8855706,17.15259,0,0.998821,0.011439856,0.009128407
,283.1251426,0.846301,17.41277,0,0.99879193,0.01106868,0.009323716
,248.9592785,0.8589583,13.21195,0,0.998676,0.0076064565,0.010097306
,305.2459807,0.8537423,8.47482,0,0.99845034,0.013205776,0.011574634
,213.5467607,0.8314537,14.91069,0,0.9984223,0.01155818,0.011755267
,261.0344654,0.9559999,175.97659,0,0.9979997,0.018580912,0.01442899
,404.5012711,0.9306545,6.93998,0,0.99687487,0.031092927,0.021147106
,196.4449065,0.7981814,16.79727,0,0.99676955,0.01358045,0.02175183
,211.745316,0.838519,30.8146,0,0.99660826,0.015253051,0.02267284
,201.6139077,0.8248347,14.19782,0,0.996557,0.013021746,0.022963785
,192.1990296,0.8263625,15.31196,0,0.99614656,0.015083572,0.02526653
,180.7645866,0.805997,26.06461,0,0.9960582,0.010084785,0.025756162
,182.3753518,0.839602,6.16773,0,0.9959983,0.013777776,0.02608709
,201.8014629,0.6281152,163.33238,0,0.99591184,0.0138308,0.026563004
,220.1434972,0.8819367,26.11968,0,0.9955145,0.03175503,0.02872781
,182.5687756,0.952104,125.31171,0,0.9951606,0.018227242,0.030626254
,233.2263743,0.865384,6.03144,0,0.99514115,0.02809257,0.030729674
,287.5518046,0.9080569,1.59914,0,0.9951317,0.044102434,0.030780211
,189.5174774,0.8911944,9.25439,0,0.9950114,0.025761623,0.031419225
,372.3444599,0.9407975,26.36824,0,0.99446917,0.055021096,0.034261387
,199.4484454,0.8232598,11.96916,0,0.9942868,0.034636043,0.035205204
,202.2797227,0.8882141,42.09742,0,0.9939956,0.018892284,0.03670032
,168.0923995,0.7654753,8.99892,0,0.9933788,0.023621354,0.03982069
,186.5313163,0.9209437,53.41848,0,0.9929167,0.023657002,0.04212038
,189.5193509,0.8198555,13.11063,0,0.99257,0.04311342,0.043825738
,179.4782157,0.8035331,16.95583,0,0.9924071,0.03713193,0.044621702
,190.9803509,0.782845,37.02085,0,0.99186,0.040900193,0.047268026
,208.6121884,0.8959059,5.42683,0,0.9914598,0.06571896,0.049180143
,169.9231592,0.7713968,19.74939,0,0.99088746,0.034025043,0.05188236
,207.8421446,0.7884931,10.63523,0,0.98986787,0.054077946,0.05660787
,171.5871905,0.8065541,23.37871,0,0.98950666,0.05045379,0.05825626
,199.9308854,0.8955836,6.63698,0,0.98947275,0.053223107,0.05841054
,193.0696736,0.8413518,7.81935,0,0.98881984,0.08400447,0.061356723
,179.5187167,0.8507215,15.95682,0,0.9885821,0.050284542,0.062420055
,176.878489,0.8161876,23.63254,0,0.98797834,0.049301203,0.06509718
,170.6331535,0.7478688,6.21346,0,0.9879335,0.04175904,0.065294944
,172.40963,0.8947367,10.75708,0,0.9874862,0.045927644,0.067257196
,156.896377,0.7574014,15.51677,0,0.98599166,0.030756665,0.07369865
,194.9889101,0.8860319,14.44788,0,0.9858519,0.08520192,0.0742927
,186.3431805,0.8129349,18.24258,0,0.9837845,0.077208616,0.08292023
,175.5055197,0.8611209,57.95733,0,0.98224366,0.060030725,0.08917403
,160.3369911,0.7857164,4.50749,0,0.98133963,0.0599333,0.09277838
,171.9243865,0.7822323,34.99874,0,0.98036283,0.08700396,0.09662336
,171.3790935,0.76516,32.62972,0,0.97898513,0.06750575,0.10196262
,165.8395735,0.8592804,2.51771,0,0.97806215,0.09250118,0.105488166
,178.2701324,0.8901989,26.22446,0,0.9773341,0.09042367,0.10824057
,178.7660331,0.7763011,21.37882,0,0.97705704,0.092217505,0.109281465
,177.5644185,0.9697215,99.55545,0,0.97648287,0.088509575,0.11142812
,152.2834158,0.7936775,28.52389,0,0.9756535,0.066830084,0.11450368
,149.1790263,0.7975081,17.73776,0,0.9744142,0.07815596,0.119045615
,156.4960029,0.7503496,20.45137,0,0.97062665,0.08465632,0.132557
,156.3765671,0.8083254,22.16325,0,0.9679002,0.10073048,0.14196715
,155.7802417,0.7618675,14.11058,0,0.9663013,0.1079712,0.14737287
,156.0864905,0.8155703,15.66153,0,0.9638739,0.10752345,0.15543091
,167.9807111,0.9824178,152.4925,0,0.9597958,0.12032923,0.16859254
,150.5756989,0.7350714,27.20024,0,0.959134,0.09766055,0.17068659
,140.6050286,0.7503009,8.58242,0,0.9561471,0.113153726,0.18000144
,136.3591525,0.8005119,11.00423,0,0.95528984,0.10301816,0.18263462
,149.5396309,0.7771071,12.97822,0,0.95474577,0.12510243,0.18429685
,147.8763148,0.722525,33.58979,0,0.95442355,0.12673712,0.1852785
,161.2160529,0.981445,90.96538,0,0.95300734,0.123548135,0.18956324
,146.2042097,0.7460327,11.92516,0,0.9497514,0.12703376,0.1992467
,152.0915944,0.7641037,19.4303,0,0.9495498,0.1509605,0.19983885
,159.0922942,0.7564399,37.35365,0,0.9490514,0.12532915,0.2012991
,145.1391847,0.7679433,13.04192,0,0.946012,0.112563126,0.21009436
,138.1594529,0.7492622,16.43782,0,0.94178224,0.12652658,0.22203533
,133.9785476,0.8478055,26.44313,0,0.9403393,0.113809094,0.22603282
,137.3173746,0.7351545,14.71795,0,0.9400404,0.11672579,0.22685622
,137.1127584,0.7307381,8.2696,0,0.93894815,0.12279165,0.22985214
,146.4192536,0.6896984,48.27069,0,0.93764687,0.13811432,0.23339376
,132.8661482,0.7645049,16.95974,0,0.9369479,0.11378159,0.2352844
,144.6049303,0.7351967,33.37382,0,0.9328697,0.14287056,0.24615209
,138.70105,0.6910764,7.82124,0,0.9324474,0.15902174,0.24726194
,142.5174143,0.6725917,44.02579,0,0.92962533,0.11664318,0.25460708
,141.8953068,0.9641162,57.93511,0,0.92920035,0.14064455,0.25570256
,135.4034498,0.6975969,35.8189,0,0.9272628,0.13981324,0.26066226
,135.7547712,0.718514,13.69282,0,0.9221975,0.16288416,0.27336925
,140.4213474,0.7209543,24.8566,0,0.91957855,0.17575668,0.27979752
,144.6631161,0.6738068,32.63933,0,0.9193006,0.15684187,0.28047413
,131.4619685,0.6930709,24.90047,0,0.91810274,0.1467257,0.283379
,128.7266641,0.6440601,16.40769,0,0.91414315,0.163608,0.29284576
,141.5475767,0.7273235,22.02731,0,0.91241014,0.17769918,0.296926
,135.5009283,0.7292328,20.02079,0,0.9110655,0.15116383,0.30006573
,122.1791654,0.6720296,31.65818,0,0.90096205,0.15137585,0.32296398
,134.1139472,0.7063697,32.01696,0,0.90066856,0.16428797,0.32361156
,125.9406008,0.8077562,4.40478,0,0.89960176,0.18522951,0.3259571
,137.3464385,0.7230343,40.89155,0,0.8994459,0.16298957,0.32629877
,131.9032661,0.7210178,34.23746,0,0.89933205,0.1754584,0.32654816
,123.8751169,0.6930957,8.88537,0,0.8968514,0.1779509,0.3319466
,132.8479594,0.729789,13.06938,0,0.8949368,0.18477586,0.33606756
,133.1238166,0.7019793,26.43984,0,0.88894784,0.21887632,0.3487095
,145.7502156,0.9707303,89.1284,0,0.8882888,0.18667331,0.35007808
,126.6207485,0.8178077,4.2449,0,0.88645357,0.2189325,0.35386637
,132.6420859,0.704982,28.18298,0,0.8820103,0.17908213,0.36290044
,132.2927202,0.7031607,31.18889,0,0.8819509,0.1976254,0.36301985
,128.2244888,0.6559163,38.42855,0,0.88177955,0.18749635,0.3633643
,123.1676926,0.6811193,28.48808,0,0.88147277,0.15902036,0.36398038
,122.1407287,0.7654313,5.71872,0,0.8789144,0.18650727,0.36908248
,121.6066049,0.7853519,27.98359,0,0.87271523,0.19306973,0.38119233
,122.5468154,0.6571402,1.09252,0,0.87058073,0.19876213,0.3852813
,134.2948467,0.8498108,31.49174,0,0.8639464,0.21794757,0.39773446
,124.6522532,0.707014,1.65911,0,0.8638591,0.21134758,0.39789575
,122.683712,0.6927472,15.52273,0,0.8568374,0.21224682,0.41066325
,125.0241661,0.6767118,10.34313,0,0.8525424,0.23219387,0.4182736
,133.0109956,0.7461732,28.51895,0,0.8524379,0.22323833,0.41845697
,114.0872307,0.653163,3.69357,0,0.85183656,0.20067228,0.41951013
,124.6779236,0.6974397,25.88077,0,0.8517693,0.19206686,0.4196277
,125.1045854,0.8931388,30.77381,0,0.85026115,0.20831063,0.42225587
,129.70992,0.7414955,19.80999,0,0.8494258,0.20461889,0.42370373
,120.0335485,0.7197987,18.65739,0,0.84746385,0.19693516,0.4270832
,119.7650222,0.7054716,14.91796,0,0.84532773,0.2141483,0.43072867
,120.1141927,0.6944233,19.32207,0,0.8426709,0.18428496,0.43521422
,118.3538186,0.6738924,18.16131,0,0.838904,0.21055058,0.4414828
,118.3516828,0.812432,8.56888,0,0.83883154,0.23517846,0.44160238
,114.5205168,0.636324,1.19364,0,0.8378745,0.22109978,0.44317773
,123.979269,0.6948603,28.83829,0,0.83761376,0.20719007,0.44360575
,120.8434946,0.6948525,21.76502,0,0.8367573,0.2335731,0.44500807
,123.3010582,0.8256987,28.55943,0,0.8354452,0.22164017,0.44714606
,114.215739,0.8110638,0.96546,0,0.8239487,0.22088957,0.4653527
,119.4649995,0.6465564,38.34495,0,0.8183232,0.20640501,0.47392657
,116.8301573,0.6490974,31.32662,0,0.81236297,0.2348146,0.48277846
,115.7920697,0.6648583,22.95963,0,0.81018144,0.23048967,0.48595974
,116.9448726,0.8167188,1.58876,0,0.8081926,0.2648815,0.48883313
,114.6563228,0.8060323,12.33214,0,0.8064205,0.2387778,0.4913718
,117.4718463,0.6683551,29.66949,0,0.8034096,0.22052696,0.49563932
,114.8743735,0.6278343,0.8895,0,0.7995708,0.2794606,0.5009968
,117.5919699,0.7805898,22.42702,0,0.7994962,0.22999981,0.50110006
,115.5605474,0.6755343,27.76261,0,0.79681075,0.22992437,0.504792
,113.100643,0.6621231,0.88044,0,0.79430795,0.27255192,0.5081928
,112.6567151,0.6707721,14.00508,0,0.7798469,0.23925292,0.52710164
,109.9115692,0.6366508,4.84197,0,0.7779095,0.24388957,0.52954113
,111.4864725,0.7072962,16.27848,0,0.77129936,0.24460122,0.53770155
,114.6967652,0.6798432,29.60279,0,0.7676422,0.2485756,0.5421096
,114.3613405,0.6810081,31.12825,0,0.76466143,0.23507248,0.54564697
,113.0362541,0.6371017,0.89267,0,0.7615249,0.27932152,0.5493158
,110.779673,0.7281601,18.98621,0,0.7573571,0.25969014,0.5541072
,110.0494682,0.4520951,18.71545,0,0.75731474,0.2576542,0.5541554
,113.2860369,0.8433983,2.18417,0,0.75461215,0.28916758,0.5572112
,113.8689648,0.6311682,1.48121,0,0.75431657,0.28439608,0.55754304
,109.7608336,0.7002659,16.7112,0,0.74983627,0.26396245,0.56251496
,113.1892296,0.6860346,18.16906,0,0.74966097,0.27702814,0.5627073
,114.5959372,0.6265329,10.92901,0,0.7477073,0.2687852,0.56483996
,105.6622713,0.6739223,3.01397,0,0.74679536,0.26559544,0.56582844
,109.6011801,0.7010583,24.45037,0,0.7464618,0.24501285,0.56618893
,105.6729706,0.6554613,11.98531,0,0.7423961,0.24231784,0.5705357
,111.91421,0.6586482,32.41038,0,0.7381008,0.24717423,0.5750341
,109.999845,0.6445028,40.24271,0,0.7259308,0.24629012,0.5872643
,131.7109208,0.9760493,144.24616,0,0.72522974,0.30010006,0.58794594
,110.2776382,0.6639487,26.37454,0,0.72400993,0.256318,0.5891261
,103.7524641,0.6647619,12.72472,0,0.709352,0.26754034,0.6027309
,109.970916,0.6481962,26.7787,0,0.70512027,0.26409808,0.6064633
,109.5662021,0.6770065,15.42819,0,0.69595903,0.25350678,0.61424947
,103.1731728,0.6629885,13.33411,0,0.68978655,0.25946778,0.6192713
,108.2962339,0.6875745,26.30215,0,0.6879447,0.28065127,0.6207353
,103.2919492,0.6684858,13.88353,0,0.6821204,0.25604326,0.62526083
,102.3874877,0.7280915,11.52884,0,0.6732618,0.28157535,0.63184464
,101.6220841,0.6245923,3.48899,0,0.67283624,0.27809754,0.63215184
,107.7598825,0.6540534,30.5378,0,0.6697594,0.245419,0.63434887
,105.9729101,0.6457618,32.4415,0,0.66837823,0.26432225,0.63532126
,132.2064121,0.9904292,145.59282,0,0.6631492,0.319393,0.6389245
,104.8295898,0.6266198,25.45023,0,0.6603486,0.30140913,0.64080393
,102.3496609,0.6415139,19.45432,0,0.65751356,0.29695502,0.642671
,100.5432462,0.5673103,2.56449,0,0.65227103,0.29800147,0.6460295
,107.0109897,0.5311209,43.13497,0,0.6521339,0.26263064,0.64611566
,104.6249288,0.6538166,26.76292,0,0.65142,0.28324136,0.6465632
,104.7288123,0.5998097,30.98198,0,0.6460547,0.25377542,0.64985484
,103.0743195,0.6331048,29.23782,0,0.6452741,0.26493016,0.65032315
,100.3998235,0.6521175,4.27898,0,0.6439449,0.32281178,0.6511146
,99.7616536,0.6388509,4.77801,0,0.6420491,0.28032103,0.65223014
,104.0219031,0.6569253,26.02878,0,0.64164406,0.27476296,0.6524664
,106.136129,0.7174762,21.11358,0,0.64064074,0.26826388,0.65304863
,101.4592212,0.633646,20.16632,0,0.6392327,0.26054692,0.6538584
,100.0456491,0.5731267,20.79156,0,0.6342927,0.2837097,0.6566314
,98.8748155,0.6486646,2.66533,0,0.6329805,0.30459586,0.6573503
,99.9036573,0.7121454,21.22472,0,0.6328972,0.28194398,0.6573957
,100.5460103,0.6813198,19.10362,0,0.62913233,0.27646872,0.65941584
,98.8267229,0.5813263,0.92422,0,0.6195244,0.30421415,0.66429645
,100.6608154,0.6278894,27.05668,0,0.6172559,0.27042106,0.66539156
,100.7107367,0.6325909,28.74404,0,0.6152824,0.24764894,0.66632646
,102.5781973,0.6972678,25.50587,0,0.6147342,0.2771076,0.6665833
,102.7995056,0.6911437,18.04534,0,0.6142854,0.30835465,0.6667925
,103.078411,0.6262213,26.05137,0,0.6140987,0.28037155,0.6668793
,99.408759,0.6630751,10.44929,0,0.6109635,0.27617246,0.6683151
,96.8775804,0.5472504,6.41104,0,0.60810447,0.28726256,0.66958845
,98.2748417,0.5803301,21.895,0,0.6009577,0.25829703,0.6726214
,100.8028223,0.4570271,36.37452,0,0.6008233,0.26282325,0.67267644
,100.7584002,0.6324075,19.49768,0,0.5938404,0.26810732,0.67543024
,99.1411756,0.6033213,23.36695,0,0.5923915,0.28431758,0.6759763
,97.3283839,0.7023907,10.67592,0,0.5839184,0.29780594,0.6789957
,97.6244583,0.5907649,21.29056,0,0.5767122,0.29515883,0.68133104
,94.6285091,0.6218284,4.64351,0,0.5686271,0.30705026,0.683698
,96.2943206,0.5911427,15.19821,0,0.5682506,0.26058677,0.6838018
,95.6998982,0.6357513,15.31507,0,0.5605747,0.30141535,0.68579054
,98.5018203,0.6444861,13.03871,0,0.5601821,0.26272509,0.68588585
,98.2311256,0.6141879,24.73882,0,0.5505929,0.26270568,0.68801916
,101.0593733,0.6444958,25.47367,0,0.54962415,0.25801477,0.68821394
,94.4391944,0.6646462,11.96073,0,0.5482056,0.29487643,0.6884924
,96.6788024,0.6294885,29.26702,0,0.54819757,0.28169817,0.68849397
,96.2917632,0.6126077,16.77348,0,0.53898114,0.27704483,0.6901051
Ceto,100.080313,0.8231395,22.30268,0,0.53595304,0.2693313,0.6905597
,99.2561632,0.6396399,32.63131,0,0.534497,0.26985124,0.69076514
,98.6958643,0.8747511,5.96199,0,0.52707845,0.31904998,0.69168
,96.5772168,0.6518702,15.5878,0,0.5245892,0.286524,0.69193745
,97.0817531,0.6008862,24.19923,0,0.5177189,0.2628,0.6925191
,97.3630963,0.7905106,2.46759,0,0.5156512,0.32206157,0.6926572
,95.7301847,0.6287006,18.70131,0,0.5136869,0.2663239,0.69277245
,94.8443595,0.5966723,15.3568,0,0.512641,0.25848123,0.6928275
,95.3104534,0.5502209,2.50628,0,0.50837207,0.27055386,0.693007
,106.1316387,0.9620625,103.16916,0,0.50833344,0.31464186,0.6930083
